-- MySQL dump 10.13  Distrib 8.0.19, for osx10.15 (x86_64)
--
-- Host: localhost    Database: sales
-- ------------------------------------------------------
-- Server version	8.0.19

/*!40101 SET @OLD_CHARACTER_SET_CLIENT=@@CHARACTER_SET_CLIENT */;
/*!40101 SET @OLD_CHARACTER_SET_RESULTS=@@CHARACTER_SET_RESULTS */;
/*!40101 SET @OLD_COLLATION_CONNECTION=@@COLLATION_CONNECTION */;
/*!50503 SET NAMES utf8mb4 */;
/*!40103 SET @OLD_TIME_ZONE=@@TIME_ZONE */;
/*!40103 SET TIME_ZONE='+00:00' */;
/*!40014 SET @OLD_UNIQUE_CHECKS=@@UNIQUE_CHECKS, UNIQUE_CHECKS=0 */;
/*!40014 SET @OLD_FOREIGN_KEY_CHECKS=@@FOREIGN_KEY_CHECKS, FOREIGN_KEY_CHECKS=0 */;
/*!40101 SET @OLD_SQL_MODE=@@SQL_MODE, SQL_MODE='NO_AUTO_VALUE_ON_ZERO' */;
/*!40111 SET @OLD_SQL_NOTES=@@SQL_NOTES, SQL_NOTES=0 */;

--
-- Table structure for table `customer_table`
--

DROP TABLE IF EXISTS `customer_table`;
/*!40101 SET @saved_cs_client     = @@character_set_client */;
/*!50503 SET character_set_client = utf8mb4 */;
CREATE TABLE `customer_table` (
  `id` int DEFAULT NULL,
  `customer_name` varchar(50) DEFAULT NULL,
  `order_id` int DEFAULT NULL,
  KEY `order_id` (`order_id`),
  CONSTRAINT `customer_table_ibfk_1` FOREIGN KEY (`order_id`) REFERENCES `order_table` (`id`)
) ENGINE=InnoDB DEFAULT CHARSET=utf8mb4 COLLATE=utf8mb4_0900_ai_ci;
/*!40101 SET character_set_client = @saved_cs_client */;

--
-- Dumping data for table `customer_table`
--

LOCK TABLES `customer_table` WRITE;
/*!40000 ALTER TABLE `customer_table` DISABLE KEYS */;
INSERT INTO `customer_table` VALUES (1,'ram',2),(2,'prince',3),(3,'seth',2),(4,'srk',4),(1,'ram',3),(2,'prince',4),(2,'prince',1);
/*!40000 ALTER TABLE `customer_table` ENABLE KEYS */;
UNLOCK TABLES;

--
-- Table structure for table `order_table`
--

DROP TABLE IF EXISTS `order_table`;
/*!40101 SET @saved_cs_client     = @@character_set_client */;
/*!50503 SET character_set_client = utf8mb4 */;
CREATE TABLE `order_table` (
  `id` int NOT NULL AUTO_INCREMENT,
  `order_name` varchar(50) DEFAULT NULL,
  PRIMARY KEY (`id`)
) ENGINE=InnoDB AUTO_INCREMENT=5 DEFAULT CHARSET=utf8mb4 COLLATE=utf8mb4_0900_ai_ci;
/*!40101 SET character_set_client = @saved_cs_client */;

--
-- Dumping data for table `order_table`
--

LOCK TABLES `order_table` WRITE;
/*!40000 ALTER TABLE `order_table` DISABLE KEYS */;
INSERT INTO `order_table` VALUES (1,'mouse'),(2,'printer'),(3,'keyboards'),(4,'laptop');
/*!40000 ALTER TABLE `order_table` ENABLE KEYS */;
UNLOCK TABLES;

--
-- Table structure for table `sales_table`
--

DROP TABLE IF EXISTS `sales_table`;
/*!40101 SET @saved_cs_client     = @@character_set_client */;
/*!50503 SET character_set_client = utf8mb4 */;
CREATE TABLE `sales_table` (
  `id` int DEFAULT NULL,
  `sales_name` varchar(50) DEFAULT NULL,
  `order_id` int DEFAULT NULL,
  KEY `order_id_index` (`order_id`),
  CONSTRAINT `sales_table_ibfk_1` FOREIGN KEY (`order_id`) REFERENCES `order_table` (`id`)
) ENGINE=InnoDB DEFAULT CHARSET=utf8mb4 COLLATE=utf8mb4_0900_ai_ci;
/*!40101 SET character_set_client = @saved_cs_client */;

--
-- Dumping data for table `sales_table`
--

LOCK TABLES `sales_table` WRITE;
/*!40000 ALTER TABLE `sales_table` DISABLE KEYS */;
INSERT INTO `sales_table` VALUES (1,'sale1',2),(2,'sale2',3),(3,'sale3',2),(4,'sale4',4),(1,'sale1',3),(2,'sale2',4),(2,'sale2',1),(4,'sale4',3);
/*!40000 ALTER TABLE `sales_table` ENABLE KEYS */;
UNLOCK TABLES;
/*!40103 SET TIME_ZONE=@OLD_TIME_ZONE */;

/*!40101 SET SQL_MODE=@OLD_SQL_MODE */;
/*!40014 SET FOREIGN_KEY_CHECKS=@OLD_FOREIGN_KEY_CHECKS */;
/*!40014 SET UNIQUE_CHECKS=@OLD_UNIQUE_CHECKS */;
/*!40101 SET CHARACTER_SET_CLIENT=@OLD_CHARACTER_SET_CLIENT */;
/*!40101 SET CHARACTER_SET_RESULTS=@OLD_CHARACTER_SET_RESULTS */;
/*!40101 SET COLLATION_CONNECTION=@OLD_COLLATION_CONNECTION */;
/*!40111 SET SQL_NOTES=@OLD_SQL_NOTES */;

-- Dump completed on 2020-02-05 17:40:45
